scenario,backend,n_obs,n_workers,n_firms,n_years,connected_set_fraction,demean_time_seconds,demean_converged,feols_time_seconds,feols_converged,demean_n_iterations,demean_time_per_iter,n_features,n_factors,p_move,pareto_shape,n_clusters,p_between_cluster,p_observe,p_survive,selection_firm,sorting_wf
mobility_p0.01,numba,1771861,150000,15000,15,0.9998583610968156,11.816298166999331,True,,,,,1,3,0.01,2.0,10,0.1,0.8,0.95,1.0,0.0
mobility_p0.01,rust,1771861,150000,15000,15,0.9998583610968156,9.60802650000005,True,,,,,1,3,0.01,2.0,10,0.1,0.8,0.95,1.0,0.0
mobility_p0.01,scipy,1771861,150000,15000,15,0.9998583610968156,9.419926165999641,True,,,,,1,3,0.01,2.0,10,0.1,0.8,0.95,1.0,0.0
mobility_p0.1,numba,1772707,150000,15000,15,1.0,2.6763662079993082,True,,,,,1,3,0.1,2.0,10,0.1,0.8,0.95,1.0,0.0
mobility_p0.1,rust,1772707,150000,15000,15,1.0,2.237711292000313,True,,,,,1,3,0.1,2.0,10,0.1,0.8,0.95,1.0,0.0
mobility_p0.1,scipy,1772707,150000,15000,15,1.0,6.8162237079995975,True,,,,,1,3,0.1,2.0,10,0.1,0.8,0.95,1.0,0.0
mobility_p0.3,numba,1773136,150000,15000,15,1.0,1.097438833000524,True,,,,,1,3,0.3,2.0,10,0.1,0.8,0.95,1.0,0.0
mobility_p0.3,rust,1773136,150000,15000,15,1.0,0.9678395419996377,True,,,,,1,3,0.3,2.0,10,0.1,0.8,0.95,1.0,0.0
mobility_p0.3,scipy,1773136,150000,15000,15,1.0,5.754301083999962,True,,,,,1,3,0.3,2.0,10,0.1,0.8,0.95,1.0,0.0
