scenario,backend,n_obs,n_workers,n_firms,n_years,connected_set_fraction,demean_time_seconds,demean_converged,feols_time_seconds,feols_converged,demean_n_iterations,demean_time_per_iter,n_features,n_factors
features_1,numba,1772612,149924,14986,15,0.9999774349392887,15.92739179199998,True,,,,,1,3
features_1,rust,1772612,149924,14986,15,0.9999774349392887,13.567272624999532,True,,,,,1,3
features_1,scipy,1772612,149924,14986,15,0.9999774349392887,8.931384417000118,True,,,,,1,3
features_5,numba,1772612,149924,14986,15,0.9999774349392887,20.551872666000236,True,,,,,5,3
features_5,rust,1772612,149924,14986,15,0.9999774349392887,18.744514082999558,True,,,,,5,3
features_5,scipy,1772612,149924,14986,15,0.9999774349392887,28.79979912499948,True,,,,,5,3
features_20,numba,1772612,149924,14986,15,0.9999774349392887,66.75476337500004,True,,,,,20,3
features_20,rust,1772612,149924,14986,15,0.9999774349392887,64.67001291700035,True,,,,,20,3
features_20,scipy,1772612,149924,14986,15,0.9999774349392887,101.28063612500046,True,,,,,20,3
