scenario,backend,n_obs,n_workers,n_firms,n_years,connected_set_fraction,demean_time_seconds,demean_converged,feols_time_seconds,feols_converged,demean_n_iterations,demean_time_per_iter,n_features,n_factors,p_move,pareto_shape,n_clusters,p_between_cluster,p_observe,p_survive,selection_firm,sorting_wf
pareto_th1.0,numba,1764967,150000,15000,15,0.9960709486666791,14.10612408400084,True,,,,,1,3,0.02,1.0,10,0.1,0.8,0.95,1.0,0.0
pareto_th1.0,rust,1764967,150000,15000,15,0.9960709486666791,12.176469416000145,True,,,,,1,3,0.02,1.0,10,0.1,0.8,0.95,1.0,0.0
pareto_th1.0,scipy,1764967,150000,15000,15,0.9960709486666791,10.01899691700055,True,,,,,1,3,0.02,1.0,10,0.1,0.8,0.95,1.0,0.0
pareto_th3.0,numba,1771912,150000,15000,15,1.0,6.1656089170001,True,,,,,1,3,0.02,3.0,10,0.1,0.8,0.95,1.0,0.0
pareto_th3.0,rust,1771912,150000,15000,15,1.0,5.265996500000256,True,,,,,1,3,0.02,3.0,10,0.1,0.8,0.95,1.0,0.0
pareto_th3.0,scipy,1771912,150000,15000,15,1.0,7.475227749999249,True,,,,,1,3,0.02,3.0,10,0.1,0.8,0.95,1.0,0.0
pareto_th10.0,numba,1772753,150000,15000,15,1.0,5.931566083000689,True,,,,,1,3,0.02,10.0,10,0.1,0.8,0.95,1.0,0.0
pareto_th10.0,rust,1772753,150000,15000,15,1.0,5.07421258300019,True,,,,,1,3,0.02,10.0,10,0.1,0.8,0.95,1.0,0.0
pareto_th10.0,scipy,1772753,150000,15000,15,1.0,7.946876332999636,True,,,,,1,3,0.02,10.0,10,0.1,0.8,0.95,1.0,0.0
