scenario,backend,n_obs,n_workers,n_firms,n_years,connected_set_fraction,demean_time_seconds,demean_converged,feols_time_seconds,feols_converged,demean_n_iterations,demean_time_per_iter,n_features,n_factors,p_move,pareto_shape,n_clusters,p_between_cluster,p_observe,p_survive,selection_firm,sorting_wf
survival_p1.0_g0,numba,1772808,150000,15000,15,0.9998347527862202,21.712465249999696,True,,,,,1,3,0.05,2.0,5,0.3,0.8,1.0,0.0,0.0
survival_p1.0_g0,rust,1772808,150000,15000,15,0.9998347527862202,18.60678558299969,True,,,,,1,3,0.05,2.0,5,0.3,0.8,1.0,0.0,0.0
survival_p1.0_g0,scipy,1772808,150000,15000,15,0.9998347527862202,10.46038583399968,True,,,,,1,3,0.05,2.0,5,0.3,0.8,1.0,0.0,0.0
survival_p0.95_g1.0,numba,1771765,150000,15000,15,1.0,2.4487936250006896,True,,,,,1,3,0.05,2.0,5,0.3,0.8,0.95,1.0,0.0
survival_p0.95_g1.0,rust,1771765,150000,15000,15,1.0,2.066593832999388,True,,,,,1,3,0.05,2.0,5,0.3,0.8,0.95,1.0,0.0
survival_p0.95_g1.0,scipy,1771765,150000,15000,15,1.0,6.861988000000565,True,,,,,1,3,0.05,2.0,5,0.3,0.8,0.95,1.0,0.0
survival_p0.85_g3.0,numba,1772087,150000,15000,15,1.0,2.0543764169997303,True,,,,,1,3,0.05,2.0,5,0.3,0.8,0.85,3.0,0.0
survival_p0.85_g3.0,rust,1772087,150000,15000,15,1.0,1.7314042920006614,True,,,,,1,3,0.05,2.0,5,0.3,0.8,0.85,3.0,0.0
survival_p0.85_g3.0,scipy,1772087,150000,15000,15,1.0,6.5523854590001065,True,,,,,1,3,0.05,2.0,5,0.3,0.8,0.85,3.0,0.0
