scenario,backend,n_obs,n_workers,n_firms,n_years,connected_set_fraction,demean_time_seconds,demean_converged,feols_time_seconds,feols_converged,demean_n_iterations,demean_time_per_iter,n_features,n_factors,p_move,pareto_shape,n_clusters,p_between_cluster,p_observe,p_survive,selection_firm,sorting_wf
groups_w3000_f300,numba,29850,3000,300,10,0.995,0.11602420899998833,True,,,,,1,3,0.05,2.0,5,0.3,1.0,1.0,1.0,0.0
groups_w3000_f300,rust,29850,3000,300,10,0.995,0.12120137500005512,True,,,,,1,3,0.05,2.0,5,0.3,1.0,1.0,1.0,0.0
groups_w3000_f300,scipy,29850,3000,300,10,0.995,0.11949045799974556,True,,,,,1,3,0.05,2.0,5,0.3,1.0,1.0,1.0,0.0
groups_w30000_f3000,numba,299550,30000,3000,10,0.9985,3.709543957999813,True,,,,,1,3,0.05,2.0,5,0.3,1.0,1.0,1.0,0.0
groups_w30000_f3000,rust,299550,30000,3000,10,0.9985,3.435214791999897,True,,,,,1,3,0.05,2.0,5,0.3,1.0,1.0,1.0,0.0
groups_w30000_f3000,scipy,299550,30000,3000,10,0.9985,1.7070777919998363,True,,,,,1,3,0.05,2.0,5,0.3,1.0,1.0,1.0,0.0
groups_w150000_f15000,numba,1496870,150000,15000,10,0.9979133333333333,23.290239250000013,True,,,,,1,3,0.05,2.0,5,0.3,1.0,1.0,1.0,0.0
groups_w150000_f15000,rust,1496870,150000,15000,10,0.9979133333333333,21.318913625000278,True,,,,,1,3,0.05,2.0,5,0.3,1.0,1.0,1.0,0.0
groups_w150000_f15000,scipy,1496870,150000,15000,10,0.9979133333333333,9.611748583999542,True,,,,,1,3,0.05,2.0,5,0.3,1.0,1.0,1.0,0.0
