scenario,backend,n_obs,n_workers,n_firms,n_years,connected_set_fraction,demean_time_seconds,demean_converged,feols_time_seconds,feols_converged,demean_n_iterations,demean_time_per_iter,n_features,n_factors,p_move,pareto_shape,n_clusters,p_between_cluster,p_observe,p_survive,selection_firm,sorting_wf
groups_w3000_f300,numba,28730,3000,300,10,0.9576666666666667,1.0350804170002448,True,,,,,1,3,0.02,2.0,10,0.1,1.0,1.0,1.0,0.0
groups_w3000_f300,rust,28730,3000,300,10,0.9576666666666667,1.0760294579995389,True,,,,,1,3,0.02,2.0,10,0.1,1.0,1.0,1.0,0.0
groups_w3000_f300,scipy,28730,3000,300,10,0.9576666666666667,0.16593754200039257,True,,,,,1,3,0.02,2.0,10,0.1,1.0,1.0,1.0,0.0
groups_w30000_f3000,numba,282010,30000,3000,10,0.9400333333333334,10.627273082999636,True,,,,,1,3,0.02,2.0,10,0.1,1.0,1.0,1.0,0.0
groups_w30000_f3000,rust,282010,30000,3000,10,0.9400333333333334,9.97112449999986,True,,,,,1,3,0.02,2.0,10,0.1,1.0,1.0,1.0,0.0
groups_w30000_f3000,scipy,282010,30000,3000,10,0.9400333333333334,2.245271999999204,True,,,,,1,3,0.02,2.0,10,0.1,1.0,1.0,1.0,0.0
groups_w150000_f15000,numba,1418010,150000,15000,10,0.94534,90.68659366700012,True,,,,,1,3,0.02,2.0,10,0.1,1.0,1.0,1.0,0.0
groups_w150000_f15000,rust,1418010,150000,15000,10,0.94534,85.20804583300014,True,,,,,1,3,0.02,2.0,10,0.1,1.0,1.0,1.0,0.0
groups_w150000_f15000,scipy,1418010,150000,15000,10,0.94534,13.61170674999994,True,,,,,1,3,0.02,2.0,10,0.1,1.0,1.0,1.0,0.0
