,method,n_obs,G,rep,time,method,n_obs,G,rep,time,method,n_obs,G,rep,time,method,n_obs,G,rep,time,method,n_obs,G,rep,time,method,n_obs,G,rep,time,method,n_obs,G,rep,time,method,n_obs,G,rep,time,method,n_obs,G,rep,time
0,feols,1000,1,1,0.08856415748596191,feols,1000,2,1,0.07361221313476562,feols,1000,3,1,0.0760798454284668,fepois,1000,1,1,2.7225418090820312,fepois,1000,2,1,2.4529001712799072,fepois,1000,3,1,0.10733270645141602,frols,1000,1,1,421.87633299827576,frols,1000,2,1,0.00014495849609375,frols,1000,3,1,0.00011706352233886719
1,feols,1000,1,2,0.07361483573913574,feols,1000,2,2,0.07482695579528809,feols,1000,3,2,0.07294392585754395,fepois,1000,1,2,0.08759117126464844,fepois,1000,2,2,0.10072112083435059,fepois,1000,3,2,0.10954904556274414,frols,1000,1,2,1.9073486328125e-05,frols,1000,2,2,1.1920928955078125e-05,frols,1000,3,2,1.2159347534179688e-05
2,feols,10000,1,1,0.07186508178710938,feols,10000,2,1,0.07934808731079102,feols,10000,3,1,0.0785830020904541,fepois,10000,1,1,0.11699795722961426,fepois,10000,2,1,0.14471721649169922,fepois,10000,3,1,0.17589211463928223,frols,10000,1,1,1.5735626220703125e-05,frols,10000,2,1,1.1920928955078125e-05,frols,10000,3,1,1.0013580322265625e-05
3,feols,10000,1,2,0.06763386726379395,feols,10000,2,2,0.07275629043579102,feols,10000,3,2,0.07558298110961914,fepois,10000,1,2,0.1156930923461914,fepois,10000,2,2,0.14168405532836914,fepois,10000,3,2,0.16428899765014648,frols,10000,1,2,1.4066696166992188e-05,frols,10000,2,2,9.775161743164062e-06,frols,10000,3,2,6.794929504394531e-05
